Бренд;Предмет;Код размера (chrt_id);Артикул поставщика;Артикул WB;Цвет;Размер;Баркод;Розничная цена, руб;Цена Закупки;Поставщик;Остаток
Banzaron;Футболки-поло;125748800;ban-futb-poloбелый;74499707;Белый;48;2,02836E+12;1870;350;;
Banzaron;Футболки-поло;125748801;ban-futb-poloбелый;74499707;Белый;50;2,02836E+12;1870;350;;
Banzaron;Футболки-поло;125748802;ban-futb-poloбелый;74499707;Белый;52;2,02836E+12;1870;350;;
Banzaron;Футболки-поло;125748803;ban-futb-poloбелый;74499707;Белый;54;2,02836E+12;1870;350;;
Banzaron;Футболки-поло;125748804;ban-futb-poloбелый;74499707;Белый;56;2,02836E+12;1870;350;;
Banzaron;Футболки-поло;125748805;ban-futb-poloбелый;74499707;Белый;58;2,02836E+12;1870;350;;
Banzaron;Футболки-поло;125748806;ban-futb-poloбелый;74499707;Белый;60;2,02836E+12;1870;350;;
Banzaron;Футболки-поло;125748807;ban-futb-poloбордовый;74499708;Бордовый;48;2,02836E+12;1870;350;;
Banzaron;Футболки-поло;125748808;ban-futb-poloбордовый;74499708;Бордовый;50;2,02836E+12;1870;350;;
Banzaron;Футболки-поло;125748809;ban-futb-poloбордовый;74499708;Бордовый;52;2,02836E+12;1870;350;;
Banzaron;Футболки-поло;125748810;ban-futb-poloбордовый;74499708;Бордовый;54;2,02836E+12;1870;350;;
Banzaron;Футболки-поло;125748811;ban-futb-poloбордовый;74499708;Бордовый;56;2,02836E+12;1870;350;;
Banzaron;Футболки-поло;129731645;ban-futb-poloсерый;77520778;Серый;48;2,03023E+12;1870;350;;
Banzaron;Футболки-поло;129731646;ban-futb-poloсерый;77520778;Серый;50;2,03023E+12;1870;350;;
Banzaron;Футболки-поло;129731647;ban-futb-poloсерый;77520778;Серый;52;2,03023E+12;1870;350;;
Banzaron;Футболки-поло;129731648;ban-futb-poloсерый;77520778;Серый;54;2,03023E+12;1870;350;;
Banzaron;Футболки-поло;129731649;ban-futb-poloсерый;77520778;Серый;56;2,03023E+12;1870;350;;
Banzaron;Футболки-поло;129731650;ban-futb-poloсерый;77520778;Серый;58;2,03023E+12;1870;350;;
Banzaron;Футболки-поло;129731651;ban-futb-poloсерый;77520778;Серый;60;2,03023E+12;1870;350;;
Banzaron;Ремни;109348860;ban-remантрацитовый;61696232;Антрацитовый;120;2,0197E+12;1238;350;;
Banzaron;Ремни;108823193;ban-remчерный;61299692;Черный;120;2,01956E+12;1238;350;;
Banzaron;Рубашки;104299342;ban-rubбелый;57575824;Белый;L;2,01768E+12;1839;550;;
Banzaron;Рубашки;104299343;ban-rubбелый;57575824;Белый;M;2,01768E+12;1839;550;;
Banzaron;Рубашки;104299344;ban-rubбелый;57575824;Белый;S;2,01768E+12;1839;550;;
Banzaron;Рубашки;104299345;ban-rubбелый;57575824;Белый;XL;2,01768E+12;1839;550;;
Banzaron;Рубашки;104299346;ban-rubбелый;57575824;Белый;XS;2,01768E+12;1839;550;;
Banzaron;Рубашки;104299347;ban-rubбелый;57575824;Белый;XXL;2,01768E+12;1839;550;;
Banzaron;Рубашки;110575989;ban-rubчерный;62627351;Черный;L;2,02015E+12;1839;550;;
Banzaron;Рубашки;110575990;ban-rubчерный;62627351;Черный;M;2,02015E+12;1839;550;;
Banzaron;Рубашки;110575991;ban-rubчерный;62627351;Черный;S;2,02015E+12;1839;550;;
Banzaron;Рубашки;110575992;ban-rubчерный;62627351;Черный;XL;2,02015E+12;1839;550;;
Banzaron;Рубашки;110575993;ban-rubчерный;62627351;Черный;XS;2,02015E+12;1839;550;;
Banzaron;Рубашки;110575994;ban-rubчерный;62627351;Черный;XXL;2,02015E+12;1839;550;;
Banzaron;Костюмы спортивные;115943028;Ban-sp-kost-2ts-бежевый;66845950;Бежевый;46;2,02251E+12;4650;1000;;
Banzaron;Костюмы спортивные;115943029;Ban-sp-kost-2ts-бежевый;66845950;Бежевый;48;2,02251E+12;4650;1000;;
Banzaron;Костюмы спортивные;115943030;Ban-sp-kost-2ts-бежевый;66845950;Бежевый;50;2,02251E+12;4650;1000;;
Banzaron;Костюмы спортивные;115943031;Ban-sp-kost-2ts-бежевый;66845950;Бежевый;52;2,02251E+12;4650;1000;;
Banzaron;Костюмы спортивные;115943032;Ban-sp-kost-2ts-бежевый;66845950;Бежевый;54;2,02251E+12;4650;1000;;
Banzaron;Костюмы спортивные;115943033;Ban-sp-kost-2ts-бежевый;66845950;Бежевый;56;2,02251E+12;4650;1000;;
Banzaron;Костюмы спортивные;114893118;Ban-sp-kost-2ts-оливковый;65981894;оливковый;46;2,02199E+12;4650;1000;;
Banzaron;Костюмы спортивные;114893119;Ban-sp-kost-2ts-оливковый;65981894;оливковый;48;2,02199E+12;4650;1000;;
Banzaron;Костюмы спортивные;114893120;Ban-sp-kost-2ts-оливковый;65981894;оливковый;50;2,02199E+12;4650;1000;;
Banzaron;Костюмы спортивные;114893121;Ban-sp-kost-2ts-оливковый;65981894;оливковый;52;2,02199E+12;4650;1000;;
Banzaron;Костюмы спортивные;114893122;Ban-sp-kost-2ts-оливковый;65981894;оливковый;54;2,02199E+12;4650;1000;;
Banzaron;Костюмы спортивные;114893123;Ban-sp-kost-2ts-оливковый;65981894;оливковый;56;2,02199E+12;4650;1000;;
Banzaron;Костюмы;117348130;Ban-spkost-let-бежевый;67988873;Бежевый;46;2,02293E+12;4650;1000;;
Banzaron;Костюмы;117348131;Ban-spkost-let-бежевый;67988873;Бежевый;48;2,02293E+12;4650;1000;;
Banzaron;Костюмы;117348132;Ban-spkost-let-бежевый;67988873;Бежевый;50;2,02293E+12;4650;1000;;
Banzaron;Костюмы;117348133;Ban-spkost-let-бежевый;67988873;Бежевый;52;2,02293E+12;4650;1000;;
Banzaron;Костюмы;117348134;Ban-spkost-let-бежевый;67988873;Бежевый;54;2,02293E+12;4650;1000;;
Banzaron;Костюмы;117348135;Ban-spkost-let-бежевый;67988873;Бежевый;56;2,02293E+12;4650;1000;;
Banzaron;Костюмы;117348136;Ban-spkost-let-фисташковый;67988874;фисташковый;46;2,02293E+12;4650;1000;;
Banzaron;Костюмы;117348137;Ban-spkost-let-фисташковый;67988874;фисташковый;48;2,02293E+12;4650;1000;;
Banzaron;Костюмы;117348138;Ban-spkost-let-фисташковый;67988874;фисташковый;50;2,02293E+12;4650;1000;;
Banzaron;Костюмы;117348139;Ban-spkost-let-фисташковый;67988874;фисташковый;52;2,02293E+12;4650;1000;;
Banzaron;Костюмы;117348140;Ban-spkost-let-фисташковый;67988874;фисташковый;54;2,02293E+12;4650;1000;;
Banzaron;Костюмы;117348141;Ban-spkost-let-фисташковый;67988874;фисташковый;56;2,02293E+12;4650;1000;;
Banzaron;Костюмы;121905045;Ban-spkost-let-черный;71712245;Черный;46;2,02677E+12;4650;1000;;
Banzaron;Костюмы;121905046;Ban-spkost-let-черный;71712245;Черный;48;2,02677E+12;4650;1000;;
Banzaron;Костюмы;121905047;Ban-spkost-let-черный;71712245;Черный;50;2,02677E+12;4650;1000;;
Banzaron;Костюмы;121905048;Ban-spkost-let-черный;71712245;Черный;52;2,02677E+12;4650;1000;;
Banzaron;Костюмы;121905049;Ban-spkost-let-черный;71712245;Черный;54;2,02677E+12;4650;1000;;
Banzaron;Костюмы;121905050;Ban-spkost-let-черный;71712245;Черный;56;2,02677E+12;4650;1000;;
Banzaron;Свитеры;110492361;ban-svitсерый;62559166;Серый;46;2,02013E+12;2417;600;;
Banzaron;Свитеры;110492362;ban-svitсерый;62559166;Серый;48;2,02013E+12;2417;600;;
Banzaron;Свитеры;110492363;ban-svitсерый;62559166;Серый;50;2,02013E+12;2417;600;;
Banzaron;Свитеры;110492364;ban-svitсерый;62559166;Серый;52;2,02013E+12;2417;600;;
Banzaron;Свитеры;110492365;ban-svitсерый;62559166;Серый;54;2,02013E+12;2417;600;;
Banzaron;Свитеры;110492366;ban-svitсиний;62559167;Синий;46;2,02013E+12;2417;600;;
Banzaron;Свитеры;110492367;ban-svitсиний;62559167;Синий;48;2,02013E+12;2417;600;;
Banzaron;Свитеры;110492368;ban-svitсиний;62559167;Синий;50;2,02013E+12;2417;600;;
Banzaron;Свитеры;110492369;ban-svitсиний;62559167;Синий;52;2,02013E+12;2417;600;;
Banzaron;Свитеры;110492370;ban-svitсиний;62559167;Синий;54;2,02013E+12;2417;600;;
Banzaron;Пальто;88075318;banz-coatсерый;44633750;Серый;44;2,01112E+12;10745;4500;;
Banzaron;Пальто;88075319;banz-coatсерый;44633750;Серый;46;2,01112E+12;10745;4500;;
Banzaron;Пальто;88075320;banz-coatсерый;44633750;Серый;48;2,01112E+12;10745;4500;;
Banzaron;Пальто;88075321;banz-coatсерый;44633750;Серый;50;2,01112E+12;10745;4500;;
Banzaron;Пальто;88075322;banz-coatсерый;44633750;Серый;52;2,01112E+12;10745;4500;;
Banzaron;Пальто;87923500;banz-coatсиний;44521942;Синий;44;2,01107E+12;10745;4500;;
Banzaron;Пальто;87923501;banz-coatсиний;44521942;Синий;46;2,01107E+12;10745;4500;;
Banzaron;Пальто;87923502;banz-coatсиний;44521942;Синий;48;2,01107E+12;10745;4500;;
Banzaron;Пальто;87923503;banz-coatсиний;44521942;Синий;50;2,01107E+12;10745;4500;;
Banzaron;Пальто;87923504;banz-coatсиний;44521942;Синий;52;2,01107E+12;10745;4500;;
Banzaron;Водолазки;87767043;banz-neckбордо;44403651;Бордовый;L;2,01099E+12;1975;250;;
Banzaron;Водолазки;87768105;banz-neckсерый;44404329;Синий;L;2,01099E+12;1975;250;;
Banzaron;Водолазки;87768106;banz-neckсерый;44404329;Синий;M;2,01099E+12;1975;250;;
Banzaron;Водолазки;87767334;banz-neckсиний;44403862;Синий;L;2,01099E+12;1975;250;;
Banzaron;Водолазки;87767335;banz-neckсиний;44403862;Синий;M;2,01099E+12;1975;250;;
Banzaron;Водолазки;87766844;banz-neckчерный;44403536;Черный;L;2,01099E+12;1975;250;;
Banzaron;Водолазки;87766845;banz-neckчерный;44403536;Черный;M;2,01099E+12;1975;250;;
Banzaron;Толстовки;95941995;Banz-ninсерый;50431412;Серый;L;2,01466E+12;3363;650;;
Banzaron;Толстовки;95941996;Banz-ninсерый;50431412;Серый;M;2,01466E+12;3363;650;;
Banzaron;Толстовки;95941997;Banz-ninсерый;50431412;Серый;S;2,01466E+12;3363;650;;
Banzaron;Толстовки;95941998;Banz-ninсерый;50431412;Серый;XL;2,01466E+12;3363;650;;
Banzaron;Толстовки;95941999;Banz-ninсерый;50431412;Серый;XXL;2,01466E+12;3363;650;;
Banzaron;Толстовки;101508752;Banz-ninсиний;55009170;Синий;L;2,01709E+12;2744;650;;
Banzaron;Толстовки;101508753;Banz-ninсиний;55009170;Синий;M;2,01709E+12;2744;650;;
Banzaron;Толстовки;101508754;Banz-ninсиний;55009170;Синий;S;2,01709E+12;2744;650;;
Banzaron;Толстовки;101508755;Banz-ninсиний;55009170;Синий;XL;2,01709E+12;2744;650;;
Banzaron;Толстовки;101508756;Banz-ninсиний;55009170;Синий;XXL;2,01709E+12;2744;650;;
Banzaron;Толстовки;95938596;Banz-ninчерный;50428729;Черный;L;2,01466E+12;3363;650;;
Banzaron;Толстовки;95938597;Banz-ninчерный;50428729;Черный;M;2,01466E+12;3363;650;;
Banzaron;Толстовки;95938598;Banz-ninчерный;50428729;Черный;S;2,01466E+12;3363;650;;
Banzaron;Толстовки;95938599;Banz-ninчерный;50428729;Черный;XL;2,01466E+12;3363;650;;
Banzaron;Толстовки;95938600;Banz-ninчерный;50428729;Черный;XXL;2,01466E+12;3363;650;;
Banzaron;Худи;92304759;Banz-tolчерный;47687985;Черный;L;2,01341E+12;2475;650;;
Banzaron;Худи;92304760;Banz-tolчерный;47687985;Черный;M;2,01341E+12;2475;650;;
Banzaron;Худи;92304761;Banz-tolчерный;47687985;Черный;S;2,01341E+12;2475;650;;
Banzaron;Худи;92304762;Banz-tolчерный;47687985;Черный;XL;2,01341E+12;2475;650;;
Femamore;Юбки;92574500;F-skirtкоричневый;47895156;Коричневый;40;2,01349E+12;1918;600;;
Femamore;Юбки;92574501;F-skirtкоричневый;47895156;Коричневый;42;2,01349E+12;1918;600;;
Femamore;Юбки;92574502;F-skirtкоричневый;47895156;Коричневый;44;2,01349E+12;1918;600;;
Femamore;Юбки;92574503;F-skirtкоричневый;47895156;Коричневый;46;2,01349E+12;1918;600;;
Femamore;Юбки;92574504;F-skirtкоричневый;47895156;Коричневый;48;2,01349E+12;1918;600;;
Femamore;Юбки;92574505;F-skirtкоричневый;47895156;Коричневый;50;2,01349E+12;1918;600;;
Femamore;Юбки;87051528;F-skirtчерный;43864027;Черный;40;2,01021E+12;1892;600;;
Femamore;Юбки;87051529;F-skirtчерный;43864027;Черный;42;2,01021E+12;1892;600;;
Femamore;Юбки;87051530;F-skirtчерный;43864027;Черный;44;2,01021E+12;1892;600;;
Femamore;Юбки;87051531;F-skirtчерный;43864027;Черный;46;2,01021E+12;1892;600;;
Femamore;Юбки;87051532;F-skirtчерный;43864027;Черный;48;2,01021E+12;1892;600;;
Femamore;Юбки;87051533;F-skirtчерный;43864027;Черный;50;2,01021E+12;1892;600;;
Femamore;Блузки;111116973;fem-bluzбелый;63052676;Белый;42;2,02032E+12;2984;450;;
Femamore;Блузки;111116974;fem-bluzбелый;63052676;Белый;44;2,02032E+12;2984;450;;
Femamore;Блузки;111116975;fem-bluzбелый;63052676;Белый;46;2,02032E+12;2984;450;;
Femamore;Блузки;111116976;fem-bluzбелый;63052676;Белый;48;2,02032E+12;2984;450;;
Femamore;Блузки;111116977;fem-bluzчерный;63052677;Черный;42;2,02032E+12;2984;450;;
Femamore;Блузки;111116978;fem-bluzчерный;63052677;Черный;44;2,02032E+12;2984;450;;
Femamore;Блузки;111116979;fem-bluzчерный;63052677;Черный;46;2,02032E+12;2984;450;;
Femamore;Блузки;111116980;fem-bluzчерный;63052677;Черный;48;2,02032E+12;2984;450;;
Femamore;Боди;98344241;fem-bodyбелый;52416386;Белый;ONE SIZE;2,01599E+12;2375;450;;
Femamore;Боди;97990919;fem-bodyмокко;52085335;Мокко;ONE SIZE;2,01569E+12;2375;450;;
Femamore;Боди;104185156;fem-bodyчерный;57474606;Черный;ONE SIZE;2,01762E+12;2375;450;;
Femamore;Джинсы;111488724;fem-dginsголубой;63374564;Голубой;26;2,02047E+12;3784;850;;
Femamore;Джинсы;111488725;fem-dginsголубой;63374564;Голубой;27;2,02047E+12;3784;850;;
Femamore;Джинсы;111488726;fem-dginsголубой;63374564;Голубой;28;2,02047E+12;3784;850;;
Femamore;Джинсы;111488727;fem-dginsголубой;63374564;Голубой;29;2,02047E+12;3784;850;;
Femamore;Джинсы;115132073;fem-dginsголубой;63374564;Голубой;25;2,02209E+12;3784;850;;
Femamore;Джинсы;115132074;fem-dginsголубой;63374564;Голубой;30;2,02209E+12;3784;850;;
Femamore;Джинсы;111488728;fem-dginsсерый;63374565;Серый;26;2,02047E+12;3784;850;;
Femamore;Джинсы;111488729;fem-dginsсерый;63374565;Серый;27;2,02047E+12;3784;850;;
Femamore;Джинсы;111488730;fem-dginsсерый;63374565;Серый;28;2,02047E+12;3784;850;;
Femamore;Джинсы;111488731;fem-dginsсерый;63374565;Серый;29;2,02047E+12;3784;850;;
Femamore;Джинсы;115132075;fem-dginsсерый;63374565;Серый;25;2,02209E+12;3784;850;;
Femamore;Джинсы;115132076;fem-dginsсерый;63374565;Серый;30;2,02209E+12;3784;850;;
Femamore;Халаты домашние;117809304;fem-halat-белый;68397523;Белый;44;2,02304E+12;1550;250;;
Femamore;Халаты домашние;117809305;fem-halat-белый;68397523;Белый;46;2,02304E+12;1550;250;;
Femamore;Халаты домашние;117809306;fem-halat-белый;68397523;Белый;48;2,02304E+12;1550;250;;
Femamore;Халаты домашние;117809307;fem-halat-белый;68397523;Белый;50;2,02304E+12;1550;250;;
Femamore;Халаты домашние;117208009;fem-halat-фиолетовый;67884241;Фиолетовый;44;2,02287E+12;1550;250;;
Femamore;Халаты домашние;117233585;fem-halat-фиолетовый;67884241;Фиолетовый;46;2,02288E+12;1550;250;;
Femamore;Халаты домашние;117233586;fem-halat-фиолетовый;67884241;Фиолетовый;48;2,02288E+12;1550;250;;
Femamore;Халаты домашние;117233587;fem-halat-фиолетовый;67884241;Фиолетовый;50;2,02288E+12;1550;250;;
Femamore;Халаты домашние;117208010;fem-halat-черный;67884242;Черный;44;2,02287E+12;1550;250;;
Femamore;Халаты домашние;117233588;fem-halat-черный;67884242;Черный;46;2,02288E+12;1550;250;;
Femamore;Халаты домашние;117233589;fem-halat-черный;67884242;Черный;48;2,02288E+12;1550;250;;
Femamore;Халаты домашние;117233590;fem-halat-черный;67884242;Черный;50;2,02288E+12;1550;250;;
Femamore;Кардиганы;118280813;fem-kar-dlin-бежевый;68781017;Бежевый;ONE SIZE;2,02321E+12;3062;750;;
Femamore;Кардиганы;111809212;fem-kar-dlin-белый;63577573;Белый;ONE SIZE;2,02062E+12;3062;750;;
Femamore;Кардиганы;112755876;fem-kar-dlin-горчичный;64280938;Горчичный;ONE SIZE;2,02098E+12;3062;750;;
Femamore;Кардиганы;113364010;fem-kardigсерый;64776859;Серый;ONE SIZE;2,02134E+12;3062;450;;
Femamore;Кардиганы;118280044;fem-kardigсиреневый;68780590;Сиреневый;ONE SIZE;2,02321E+12;3062;450;;
Femamore;Кардиганы;112533169;fem-kardigсливовый;64123920;Сливовый;ONE SIZE;2,02087E+12;3062;450;;
Femamore;Леггинсы;108571794;fem-legtsчерный;61116660;Черный;44;2,01944E+12;2317;450;;
Femamore;Леггинсы;108571795;fem-legtsчерный;61116660;Черный;46;2,01944E+12;2317;450;;
Femamore;Леггинсы;108571796;fem-legtsчерный;61116660;Черный;48;2,01944E+12;2317;450;;
Femamore;Леггинсы;108571797;fem-legtsчерный;61116660;Черный;50;2,01944E+12;2317;450;;
Femamore;Леггинсы;108571798;fem-legtsчерный;61116660;Черный;52;2,01944E+12;2317;450;;
Femamore;Леггинсы;95659985;fem-legчерный;50216511;Черный;42;2,01453E+12;1927;450;;
Femamore;Леггинсы;95659986;fem-legчерный;50216511;Черный;44;2,01453E+12;1927;450;;
Femamore;Леггинсы;95659987;fem-legчерный;50216511;Черный;46;2,01453E+12;1927;450;;
Femamore;Леггинсы;95659988;fem-legчерный;50216511;Черный;48;2,01453E+12;1927;450;;
Femamore;Леггинсы;95659989;fem-legчерный;50216511;Черный;50;2,01453E+12;1927;450;;
Femamore;Леггинсы;95659990;fem-legчерный;50216511;Черный;52;2,01453E+12;1927;450;;
Femamore;Платья;118290247;fem-plat-fon-бежевый;68787488;Бежевый;42;2,02321E+12;3817;600;;
Femamore;Платья;118290248;fem-plat-fon-бежевый;68787488;Бежевый;44;2,02321E+12;3817;600;;
Femamore;Платья;118290249;fem-plat-fon-бежевый;68787488;Бежевый;46;2,02321E+12;3817;600;;
Femamore;Платья;118290250;fem-plat-fon-бежевый;68787488;Бежевый;48;2,02321E+12;3817;600;;
Femamore;Платья;120889738;fem-plat-fon-красный;70863218;Красный;42;2,02651E+12;3817;600;;
Femamore;Платья;120889739;fem-plat-fon-красный;70863218;Красный;44;2,02651E+12;3817;600;;
Femamore;Платья;120889740;fem-plat-fon-красный;70863218;Красный;46;2,02651E+12;3817;600;;
Femamore;Платья;120889741;fem-plat-fon-красный;70863218;Красный;48;2,02651E+12;3817;600;;
Femamore;Платья;118290251;fem-plat-fon-черный;68787489;Черный;42;2,02321E+12;3817;600;;
Femamore;Платья;118290252;fem-plat-fon-черный;68787489;Черный;44;2,02321E+12;3817;600;;
Femamore;Платья;118290253;fem-plat-fon-черный;68787489;Черный;46;2,02321E+12;3817;600;;
Femamore;Пуховики;97794189;fem-puxкрем;51927099;Кремовый;L;2,01559E+12;9875;1800;;
Femamore;Пуховики;97794190;fem-puxкрем;51927099;Кремовый;M;2,01559E+12;9875;1800;;
Femamore;Пуховики;97794191;fem-puxкрем;51927099;Кремовый;XL;2,01559E+12;9875;1800;;
Femamore;Пуховики;97794192;fem-puxкрем;51927099;Кремовый;XXL;2,01559E+12;9875;1800;;
Femamore;Пуховики;97116447;fem-puxмокко;51384671;Мокко;M;2,01526E+12;9875;1800;;
Femamore;Пуховики;97116448;fem-puxмокко;51384671;Мокко;L;2,01526E+12;9875;1800;;
Femamore;Пуховики;97116449;fem-puxмокко;51384671;Мокко;XL;2,01526E+12;9875;1800;;
Femamore;Пуховики;97116450;fem-puxмокко;51384671;Мокко;XXL;2,01526E+12;9875;1800;;
Femamore;Пуховики;97140419;fem-puxчерный;51400817;Черный;M;2,01526E+12;9875;1800;;
Femamore;Пуховики;97140420;fem-puxчерный;51400817;Черный;L;2,01526E+12;9875;1800;;
Femamore;Пуховики;97140421;fem-puxчерный;51400817;Черный;XL;2,01526E+12;9875;1800;;
Femamore;Пуховики;97140422;fem-puxчерный;51400817;Черный;XXL;2,01526E+12;9875;1800;;
Femamore;Рубашки;109840884;fem-r-pкоричневый;62068242;Коричневый;M;2,01995E+12;4890;650;;
Femamore;Рубашки;109840885;fem-r-pкоричневый;62068242;Коричневый;S;2,01995E+12;4890;650;;
Femamore;Рубашки;110024057;fem-r-pкоричневый;62068242;Коричневый;L;2,02001E+12;4890;650;;
Femamore;Рубашки;108306645;fem-r-pмол;60889569;Молочный;M;2,01937E+12;4890;650;;
Femamore;Рубашки;108306646;fem-r-pмол;60889569;Молочный;S;2,01937E+12;4890;650;;
Femamore;Рубашки;110024055;fem-r-pмол;60889569;Молочный;L;2,02001E+12;4890;650;;
Femamore;Рубашки;108614258;fem-r-pрозовый;61146194;Розовый;M;2,01946E+12;4890;650;;
Femamore;Рубашки;108614259;fem-r-pрозовый;61146194;Розовый;S;2,01946E+12;4890;650;;
Femamore;Рубашки;110024058;fem-r-pрозовый;61146194;Розовый;L;2,02001E+12;4890;650;;
Femamore;Рубашки;112181462;fem-r-pсерый;63867412;Серый;L;2,02074E+12;4890;650;;
Femamore;Рубашки;112181463;fem-r-pсерый;63867412;Серый;M;2,02074E+12;4890;650;;
Femamore;Рубашки;112181464;fem-r-pсерый;63867412;Серый;S;2,02074E+12;4890;650;;
Femamore;Рубашки;109576965;fem-rubбелый;61870246;Белый;42;2,01984E+12;2984;;;
Femamore;Рубашки;109576966;fem-rubбелый;61870246;Белый;44;2,01984E+12;2984;;;
Femamore;Рубашки;109576967;fem-rubбелый;61870246;Белый;46;2,01984E+12;2984;;;
Femamore;Рубашки;109576968;fem-rubбелый;61870246;Белый;48;2,01984E+12;2984;;;
Femamore;Рубашки;109576969;fem-rubбелый;61870246;Белый;50;2,01984E+12;2984;;;
Femamore;Рубашки;109576970;fem-rubбелый;61870246;Белый;52;2,01984E+12;2984;;;
Femamore;Рубашки;109576971;fem-rubголубой;61870247;Голубой;42;2,01984E+12;2984;;;
Femamore;Рубашки;109576972;fem-rubголубой;61870247;Голубой;44;2,01984E+12;2984;;;
Femamore;Рубашки;109576973;fem-rubголубой;61870247;Голубой;46;2,01984E+12;2984;;;
Femamore;Рубашки;109576974;fem-rubголубой;61870247;Голубой;48;2,01984E+12;2984;;;
Femamore;Рубашки;109576975;fem-rubголубой;61870247;Голубой;50;2,01984E+12;2984;;;
Femamore;Рубашки;109576976;fem-rubголубой;61870247;Голубой;52;2,01984E+12;2984;;;
Femamore;Костюмы спортивные;113860168;fem-sp-kost-misha-белый;65157022;Белый;L;2,02152E+12;4650;;;
Femamore;Костюмы спортивные;113860169;fem-sp-kost-misha-белый;65157022;Белый;M;2,02152E+12;4650;;;
Femamore;Костюмы спортивные;113860170;fem-sp-kost-misha-белый;65157022;Белый;S;2,02152E+12;4650;;;
Femamore;Костюмы спортивные;113860171;fem-sp-kost-misha-белый;65157022;Белый;XL;2,02152E+12;4650;;;
Femamore;Костюмы спортивные;113860172;fem-sp-kost-misha-зеленый;65157023;Зеленый;L;2,02152E+12;4650;;;
Femamore;Костюмы спортивные;113860173;fem-sp-kost-misha-зеленый;65157023;Зеленый;M;2,02152E+12;4650;;;
Femamore;Костюмы спортивные;113860174;fem-sp-kost-misha-зеленый;65157023;Зеленый;S;2,02152E+12;4650;;;
Femamore;Костюмы спортивные;113860175;fem-sp-kost-misha-зеленый;65157023;Зеленый;XL;2,02152E+12;4650;;;
Femamore;Костюмы спортивные;118276154;fem-sp-kost-misha-серый;68778138;Серый;L;2,0232E+12;4650;;;
Femamore;Костюмы спортивные;118276155;fem-sp-kost-misha-серый;68778138;Серый;M;2,0232E+12;4650;;;
Femamore;Костюмы спортивные;118276156;fem-sp-kost-misha-серый;68778138;Серый;S;2,0232E+12;4650;;;
Femamore;Костюмы спортивные;118276157;fem-sp-kost-misha-серый;68778138;Серый;XL;2,0232E+12;4650;;;
Femamore;Костюмы спортивные;115932451;fem-sp-kost-misha-черный;66836519;Черный;L;2,02251E+12;4650;;;
Femamore;Костюмы спортивные;115932452;fem-sp-kost-misha-черный;66836519;Черный;M;2,02251E+12;4650;;;
Femamore;Костюмы спортивные;115932453;fem-sp-kost-misha-черный;66836519;Черный;S;2,02251E+12;4650;;;
Femamore;Костюмы спортивные;115932454;fem-sp-kost-misha-черный;66836519;Черный;XL;2,02251E+12;4650;;;
Femamore;Топы;118271071;fem-top-бежевый;68774204;Бежевый;ONE SIZE;2,0232E+12;1150;;;
Femamore;Топы;121839487;fem-top-розовый;71666963;Розовый;ONE SIZE;2,02674E+12;1150;;;
Femamore;Топы;118271072;fem-top-черный;68774205;Черный;ONE SIZE;2,0232E+12;1150;;;
Femamore;Туники;119731064;fem-tunika-белый;70179032;Белый;ONE SIZE;2,00013E+12;1484;;;
Femamore;Туники;121840325;fem-tunika-зеленый;71667499;Зеленый;ONE SIZE;2,02674E+12;1484;;;
Femamore;Туники;119731065;fem-tunika-мокко;70179033;Мокко;ONE SIZE;2,00013E+12;1484;;;
Femamore;Юбки;120201793;fem-ubka-gor-белый;70401920;Белый;42;2,00022E+12;1484;;;
Femamore;Юбки;120201794;fem-ubka-gor-белый;70401920;Белый;44;2,00022E+12;1484;;;
Femamore;Юбки;120201795;fem-ubka-gor-белый;70401920;Белый;46;2,00022E+12;1484;;;
Femamore;Юбки;120201796;fem-ubka-gor-белый;70401920;Белый;48;2,00022E+12;1484;;;
Femamore;Юбки;116226752;fem-yubk-kl-коричневый;67051482;Коричневый;42;2,02261E+12;2984;;;
Femamore;Юбки;116226753;fem-yubk-kl-коричневый;67051482;Коричневый;44;2,02261E+12;2984;;;
Femamore;Юбки;116226754;fem-yubk-kl-коричневый;67051482;Коричневый;46;2,02261E+12;2984;;;
Femamore;Юбки;116226755;fem-yubk-kl-коричневый;67051482;Коричневый;48;2,02261E+12;2984;;;
Femamore;Юбки;116226756;fem-yubk-kl-черный;67051483;Черный;42;2,02261E+12;2984;;;
Femamore;Юбки;116226757;fem-yubk-kl-черный;67051483;Черный;44;2,02261E+12;2984;;;
Femamore;Юбки;116226758;fem-yubk-kl-черный;67051483;Черный;46;2,02261E+12;2984;;;
Femamore;Юбки;116226759;fem-yubk-kl-черный;67051483;Черный;48;2,02261E+12;2984;;;
Femamore;Жилеты;106239817;fem-zillбежевый;59220723;Бежевый;ONE SIZE;2,01836E+12;1790;;;
Femamore;Жилеты;106239818;fem-zillбелый;59220724;Белый;ONE SIZE;2,01836E+12;1790;;;
Femamore;Жилеты;106239819;fem-zillсерый;59220725;Серый;ONE SIZE;2,01836E+12;1790;;;
Femamore;Джинсы;144197152;fem-впшты-1Голубой;89147542;Голубой;25;2,03583E+12;3963;;;
Femamore;Джинсы;144197153;fem-впшты-1Голубой;89147542;Голубой;26;2,03583E+12;3963;;;
Femamore;Джинсы;144197154;fem-впшты-1Голубой;89147542;Голубой;27;2,03583E+12;3963;;;
Femamore;Джинсы;144197155;fem-впшты-1Голубой;89147542;Голубой;28;2,03583E+12;3963;;;
Femamore;Джинсы;144197156;fem-впшты-1Голубой;89147542;Голубой;29;2,03583E+12;3963;;;
Femamore;Джинсы;144197157;fem-впшты-1Голубой;89147542;Голубой;30;2,03583E+12;3963;;;
Femamore;Джинсы;144197158;fem-впшты-1Синий;89147543;Синий;25;2,03583E+12;3963;;;
Femamore;Джинсы;144197159;fem-впшты-1Синий;89147543;Синий;26;2,03583E+12;3963;;;
Femamore;Джинсы;144197160;fem-впшты-1Синий;89147543;Синий;27;2,03583E+12;3963;;;
Femamore;Джинсы;144197161;fem-впшты-1Синий;89147543;Синий;28;2,03583E+12;3963;;;
Femamore;Джинсы;144197162;fem-впшты-1Синий;89147543;Синий;29;2,03583E+12;3963;;;
Femamore;Джинсы;144197163;fem-впшты-1Синий;89147543;Синий;30;2,03583E+12;3963;;;
Femamore;Кардиганы;116826228;fem-карбелый;67557876;Белый;ONE SIZE;2,02276E+12;3062;;;
Femamore;Кардиганы;115927696;fem-каргорчичный;66832068;Горчичный;ONE SIZE;2,02251E+12;3062;;;
Femamore;Кардиганы;113759878;fem-карзеленый;65089592;Зеленый;ONE SIZE;2,02149E+12;3062;;;
Femamore;Кардиганы;113759877;fem-каррозовый;65089591;Розовый;ONE SIZE;2,02149E+12;3062;;;
Femamore;Кардиганы;118274592;fem-карсерый;68777075;серый;ONE SIZE;2,0232E+12;3062;;;
Femamore;Кардиганы;115540932;fem-карчерный;66521302;черный;ONE SIZE;2,02231E+12;3062;;;
Femamore;Костюмы спортивные;113650337;fem-косткрасный;65003254;Красный;42;2,02144E+12;4634;;;
Femamore;Костюмы спортивные;113650338;fem-косткрасный;65003254;Красный;44;2,02144E+12;4634;;;
Femamore;Костюмы спортивные;113650339;fem-косткрасный;65003254;Красный;46;2,02144E+12;4634;;;
Femamore;Костюмы спортивные;113650340;fem-косткрасный;65003254;Красный;48;2,02144E+12;4634;;;
Femamore;Костюмы спортивные;113650341;fem-косткрасный;65003254;Красный;50;2,02144E+12;4634;;;
Femamore;Костюмы спортивные;113650342;fem-костсиреневый;65003255;Сиреневый;42;2,02144E+12;4634;;;
Femamore;Костюмы спортивные;113650343;fem-костсиреневый;65003255;Сиреневый;44;2,02144E+12;4634;;;
Femamore;Костюмы спортивные;113650344;fem-костсиреневый;65003255;Сиреневый;46;2,02144E+12;4634;;;
Femamore;Костюмы спортивные;113650345;fem-костсиреневый;65003255;Сиреневый;48;2,02144E+12;4634;;;
Femamore;Костюмы спортивные;113650346;fem-костсиреневый;65003255;Сиреневый;50;2,02144E+12;4634;;;
Femamore;Пиджаки;111893203;fem-пиджизумрудный;63647252;Изумурудный;42;2,02064E+12;2832;;;
Femamore;Пиджаки;111893204;fem-пиджизумрудный;63647252;Изумурудный;44;2,02064E+12;2832;;;
Femamore;Пиджаки;111893205;fem-пиджизумрудный;63647252;Изумурудный;46;2,02064E+12;2832;;;
Femamore;Пиджаки;111893206;fem-пиджизумрудный;63647252;Изумурудный;48;2,02064E+12;2832;;;
Femamore;Пиджаки;111893207;fem-пиджкрасный;63647253;Красный;42;2,02064E+12;2832;;;
Femamore;Пиджаки;111893208;fem-пиджкрасный;63647253;Красный;44;2,02064E+12;2832;;;
Femamore;Пиджаки;111893209;fem-пиджкрасный;63647253;Красный;46;2,02064E+12;2832;;;
Femamore;Пиджаки;111893210;fem-пиджкрасный;63647253;Красный;48;2,02064E+12;2832;;;
Femamore;Пиджаки;112503263;fem-пиджчерный;64098974;Черный;42;2,02086E+12;2832;;;
Femamore;Пиджаки;112503264;fem-пиджчерный;64098974;Черный;44;2,02086E+12;2832;;;
Femamore;Пиджаки;112503265;fem-пиджчерный;64098974;Черный;46;2,02086E+12;2832;;;
Femamore;Пиджаки;112503266;fem-пиджчерный;64098974;Черный;48;2,02086E+12;2832;;;
Femamore;Платья;113828636;fem-плбежевый;65134238;Бежевый;44;2,02151E+12;2832;;;
Femamore;Платья;113828637;fem-плбежевый;65134238;Бежевый;46;2,02151E+12;2832;;;
Femamore;Платья;113828638;fem-плбежевый;65134238;Бежевый;48;2,02151E+12;2832;;;
Femamore;Платья;113828639;fem-плбежевый;65134238;Бежевый;50;2,02151E+12;2832;;;
Femamore;Платья;113828640;fem-плчерный;65134239;Черный;44;2,02151E+12;2832;;;
Femamore;Платья;113828641;fem-плчерный;65134239;Черный;46;2,02151E+12;2832;;;
Femamore;Платья;113828642;fem-плчерный;65134239;Черный;48;2,02151E+12;2832;;;
Femamore;Платья;113828643;fem-плчерный;65134239;Черный;50;2,02151E+12;2832;;;
Femamore;Тренчкоты;113439326;fem-тренчбирюзовый;64841576;Бирюзовый;42;2,02136E+12;6983;;;
Femamore;Тренчкоты;113439327;fem-тренчбирюзовый;64841576;Бирюзовый;44;2,02136E+12;6983;;;
Femamore;Тренчкоты;113439328;fem-тренчбирюзовый;64841576;Бирюзовый;46;2,02136E+12;6983;;;
Femamore;Тренчкоты;113439329;fem-тренчбирюзовый;64841576;Бирюзовый;48;2,02136E+12;6983;;;
Femamore;Тренчкоты;112819952;fem-тренчкоричневый;64329691;Коричневый;42;2,021E+12;6983;;;
Femamore;Тренчкоты;112819953;fem-тренчкоричневый;64329691;Коричневый;44;2,021E+12;6983;;;
Femamore;Тренчкоты;112819954;fem-тренчкоричневый;64329691;Коричневый;46;2,021E+12;6983;;;
Femamore;Тренчкоты;112819955;fem-тренчкоричневый;64329691;Коричневый;48;2,021E+12;6983;;;
Femamore;Тренчкоты;112819960;fem-тренччерный;64329693;Черный;42;2,021E+12;6983;;;
Femamore;Тренчкоты;112819961;fem-тренччерный;64329693;Черный;44;2,021E+12;6983;;;
Femamore;Тренчкоты;112819962;fem-тренччерный;64329693;Черный;46;2,021E+12;6983;;;
Femamore;Тренчкоты;112819963;fem-тренччерный;64329693;Черный;48;2,021E+12;6983;;;
Femamore;Кюлоты;124791227;fema_kilotyмолочный;73718129;Молочный;L;2,02802E+12;2490;;;
Femamore;Кюлоты;124791228;fema_kilotyмолочный;73718129;Молочный;XL;2,02802E+12;2490;;;
Femamore;Кюлоты;124791229;fema_kilotyпудровый;73718130;Пудровый;L;2,02802E+12;2490;;;
Femamore;Кюлоты;124791230;fema_kilotyпудровый;73718130;Пудровый;XL;2,02802E+12;2490;;;
Femamore;Кюлоты;124523552;fema_kilotyфисташковый;73494502;фисташковый;L;2,02788E+12;2490;;;
Femamore;Кюлоты;124523553;fema_kilotyфисташковый;73494502;фисташковый;XL;2,02788E+12;2490;;;
Femamore;Кюлоты;124523554;fema_kilotyчерный;73494503;Черный;L;2,02788E+12;2490;;;
Femamore;Кюлоты;124523555;fema_kilotyчерный;73494503;Черный;XL;2,02788E+12;2490;;;
Femamore;Сарафаны;130325730;fema_sarafanголубой;78011652;Голубой;42;2,03048E+12;2190;;;
Femamore;Сарафаны;130325731;fema_sarafanголубой;78011652;Голубой;44;2,03048E+12;2190;;;
Femamore;Сарафаны;130325732;fema_sarafanголубой;78011652;Голубой;46;2,03048E+12;2190;;;
Femamore;Сарафаны;130325733;fema_sarafanголубой;78011652;Голубой;48;2,03048E+12;2190;;;
Femamore;Сарафаны;130559927;fema_sarafanрозовый;78169250;Розовый;42;2,03059E+12;2190;;;
Femamore;Сарафаны;130559928;fema_sarafanрозовый;78169250;Розовый;44;2,03059E+12;2190;;;
Femamore;Сарафаны;130559929;fema_sarafanрозовый;78169250;Розовый;46;2,03059E+12;2190;;;
Femamore;Сарафаны;130559930;fema_sarafanрозовый;78169250;Розовый;48;2,03059E+12;2190;;;
Femamore;Сарафаны;130325734;fema_sarafanчерный;78011653;Черный;42;2,03048E+12;2190;;;
Femamore;Сарафаны;130325735;fema_sarafanчерный;78011653;Черный;44;2,03048E+12;2190;;;
Femamore;Сарафаны;130325736;fema_sarafanчерный;78011653;Черный;46;2,03048E+12;2190;;;
Femamore;Сарафаны;130325737;fema_sarafanчерный;78011653;Черный;48;2,03048E+12;2190;;;
Femamore;Жилеты;126712142;fema_zhiletyбелый;75228414;Белый;L;2,0289E+12;4090;;;
Femamore;Жилеты;126712143;fema_zhiletyбелый;75228414;Белый;M;2,0289E+12;4090;;;
Femamore;Жилеты;126712144;fema_zhiletyбелый;75228414;Белый;S;2,0289E+12;4090;;;
Femamore;Жилеты;126712145;fema_zhiletyбелый;75228414;Белый;XS;2,0289E+12;4090;;;
Femamore;Жилеты;126711096;fema_zhiletyчерный;75227669;Черный;L;2,0289E+12;4090;;;
Femamore;Жилеты;126711097;fema_zhiletyчерный;75227669;Черный;M;2,0289E+12;4090;;;
Femamore;Жилеты;126711098;fema_zhiletyчерный;75227669;Черный;S;2,0289E+12;4090;;;
Femamore;Жилеты;126711099;fema_zhiletyчерный;75227669;Черный;XS;2,0289E+12;4090;;;
Femamore;Кардиганы;93375663;fema-karбелый;48542199;Белый;ONESIZE;2,01376E+12;2695;;;
Femamore;Кардиганы;94307820;fema-karголубой;49191236;Голубой;ONESIZE;2,01405E+12;2695;;;
Femamore;Кардиганы;94307625;fema-karроза;49190862;Розовый;ONESIZE;2,01405E+12;2695;;;
Femamore;Кардиганы;94306745;fema-karсерый;49190275;Серый;ONESIZE;2,01405E+12;2695;;;
Femamore;Кардиганы;96774201;fema-karсирень;51102817;Сиреневый;ONESIZE;2,01506E+12;2353;;;
Femamore;Кардиганы;93388479;fema-karчерный;48546324;Черный;ONESIZE;2,01376E+12;2695;;;
Femamore;Костюмы;101624273;femутепленныйантра;55109346;Антрацитовый;42;2,01714E+12;5690;;;
Femamore;Костюмы;101624274;femутепленныйантра;55109346;Антрацитовый;44;2,01714E+12;5690;;;
Femamore;Костюмы;101624275;femутепленныйантра;55109346;Антрацитовый;46;2,01714E+12;5690;;;
Femamore;Костюмы;101624276;femутепленныйантра;55109346;Антрацитовый;48;2,01714E+12;5690;;;
Femamore;Костюмы;101624277;femутепленныйантра;55109346;Антрацитовый;50;2,01714E+12;5690;;;
Femamore;Костюмы;110473000;femутепленныйизумрудный;62542190;Изумурудный;42;2,02013E+12;5690;;;
Femamore;Костюмы;110473001;femутепленныйизумрудный;62542190;Изумурудный;44;2,02013E+12;5690;;;
Femamore;Костюмы;110473002;femутепленныйизумрудный;62542190;Изумурудный;46;2,02013E+12;5690;;;
Femamore;Костюмы;110473003;femутепленныйизумрудный;62542190;Изумурудный;48;2,02013E+12;5690;;;
Femamore;Костюмы;110473004;femутепленныйизумрудный;62542190;Изумурудный;50;2,02013E+12;5690;;;
Femamore;Пальто;87695918;paltoM1голубой;44345025;Голубой;40;2,01095E+12;9800;;;
Femamore;Пальто;87695919;paltoM1голубой;44345025;Голубой;42;2,01095E+12;9800;;;
Femamore;Пальто;87695920;paltoM1голубой;44345025;Голубой;44;2,01095E+12;9800;;;
Femamore;Пальто;87695921;paltoM1голубой;44345025;Голубой;46;2,01095E+12;9800;;;
Femamore;Пальто;87695922;paltoM1голубой;44345025;Голубой;48;2,01095E+12;9800;;;
Femamore;Пальто;85604071;paltoM1коричневый;42856949;Коричневый;46;2,00929E+12;9800;;;
Femamore;Пальто;85604072;paltoM1коричневый;42856949;Коричневый;44;2,00929E+12;9800;;;
Femamore;Пальто;85604073;paltoM1коричневый;42856949;Коричневый;42;2,00929E+12;9800;;;
Femamore;Пальто;85604074;paltoM1коричневый;42856949;Коричневый;48;2,00929E+12;9800;;;
Femamore;Пальто;85604075;paltoM1коричневый;42856949;Коричневый;40;2,00929E+12;9800;;;
Femamore;Пижамы;124497428;pizh_femaсиний;73475934;Синий;44-46;2,02787E+12;1890;;;
Femamore;Пижамы;124497429;pizh_femaсиний;73475934;Синий;46-48;2,02787E+12;1890;;;
Femamore;Свитеры;103962951;switergorмолочный;57270995;Молочный;40-46;;2692;;;
Femamore;Свитеры;90990795;switergorнг-белый;46677011;Белый;40-44;2,01296E+12;2692;;;
Femamore;Свитеры;91003247;switergorнг-красный;46686893;Красный;40-44;2,01297E+12;2692;;;
Femamore;Свитеры;89817702;switergorчерный;45865713;Черный;40-44;2,01205E+12;2692;;;
Femamore;Свитеры;116889594;switergorчерный;45865713;Черный;40-46;;2692;;;
Kigurumee;Мягкие игрушки;107300727;kig-hagiрозовый;60063062;Розовый;0;2,01907E+12;2317;;;
Kigurumee;Мягкие игрушки;107314917;kig-hagiсиний;60075658;Синий;0;2,01908E+12;2317;;;
Kigurumee;Кигуруми;86456080;kiruerсиреневый;43440391;Сиреневый;L;2,00985E+12;1790;;;
Kigurumee;Кигуруми;86456081;kiruerсиреневый;43440391;Сиреневый;M;2,00985E+12;1790;;;
Kigurumee;Кигуруми;86456082;kiruerсиреневый;43440391;Сиреневый;S;2,00985E+12;1790;;;
Kigurumee;Кигуруми;86456083;kiruerсиреневый;43440391;Сиреневый;XS;2,00985E+12;1790;;;
Kigurumee;Мягкие игрушки;104498254;lalaбелый;57752360;Белый;0;2,01778E+12;2390;;;
Kigurumee;Мягкие игрушки;104493922;lalaжелтый;57748490;Желтый;0;2,01778E+12;2390;;;
Kigurumee;Мягкие игрушки;108076584;lalaкоричневый;60712477;Коричневый;0;2,01929E+12;2390;;;
Kigurumee;Мягкие игрушки;104491967;lalaрозовый;57746909;Розовый;0;2,01778E+12;2390;;;
Kigurumee;Мягкие игрушки;108076585;lalaсерый;60712478;Серый;0;2,01929E+12;2390;;;
Lilit Kids;Футболки;118924851;fem-fut-serd-белый;69121639;Белый;28-30;2,02333E+12;1150;;;
Lilit Kids;Футболки;118924852;fem-fut-serd-белый;69121639;Белый;30-32;2,02333E+12;1150;;;
Lilit Kids;Футболки;118924853;fem-fut-serd-белый;69121639;Белый;32-34;2,02333E+12;1150;;;
Lilit Kids;Футболки;118924854;fem-fut-serd-белый;69121639;Белый;34-36;2,02333E+12;1150;;;
Lilit Kids;Футболки;118924855;fem-fut-serd-белый;69121639;Белый;38-40;2,02333E+12;1150;;;
Lilit Kids;Футболки;144207265;fem-fut-serd-чер;89156325;Черный;28-30;2,03583E+12;1150;;;
Lilit Kids;Футболки;144207266;fem-fut-serd-чер;89156325;Черный;30-32;2,03583E+12;1150;;;
Lilit Kids;Футболки;144207267;fem-fut-serd-чер;89156325;Черный;32-34;2,03583E+12;1150;;;
Lilit Kids;Футболки;144207268;fem-fut-serd-чер;89156325;Черный;34-36;2,03583E+12;1150;;;
Lilit Kids;Футболки;144207269;fem-fut-serd-чер;89156325;Черный;38-40;2,03583E+12;1150;;;
Lilit Kids;Костюмы;128447693;kost_letniyбежевый;76533774;Бежевый;28;2,02965E+12;2780;;;
Lilit Kids;Костюмы;128447694;kost_letniyбежевый;76533774;Бежевый;30-32;2,02965E+12;2780;;;
Lilit Kids;Костюмы;128447695;kost_letniyбежевый;76533774;Бежевый;34;2,02965E+12;2780;;;
Lilit Kids;Костюмы;128447696;kost_letniyбежевый;76533774;Бежевый;36;2,02965E+12;2780;;;
Lilit Kids;Костюмы;128447697;kost_letniyбежевый;76533774;Бежевый;38;2,02965E+12;2780;;;
Lilit Kids;Костюмы;128447698;kost_letniyбежевый;76533774;Бежевый;40;2,02965E+12;2780;;;
Lilit Kids;Костюмы;129060222;kost_letniyголубой;76990183;Голубой;28;2,02994E+12;2780;;;
Lilit Kids;Костюмы;129060225;kost_letniyголубой;76990183;Голубой;30-32;2,02994E+12;2780;;;
Lilit Kids;Костюмы;129060226;kost_letniyголубой;76990183;Голубой;34;2,02994E+12;2780;;;
Lilit Kids;Костюмы;129060227;kost_letniyголубой;76990183;Голубой;36;2,02994E+12;2780;;;
Lilit Kids;Костюмы;129060228;kost_letniyголубой;76990183;Голубой;38;2,02994E+12;2780;;;
Lilit Kids;Костюмы;129060229;kost_letniyголубой;76990183;Голубой;40;2,02994E+12;2780;;;
mykot;Когтеточки;109446691;kogte231серый50;61778399;Серый;0;2,01976E+12;1676;;;
Squid Game;Маски сувенирные;88852410;gamesqволк;45135068;волк;0;2,01141E+12;1275;;;
Squid Game;Маски сувенирные;88852411;gamesqквадратик;45135069;квадрат;0;2,01141E+12;1275;;;
Squid Game;Маски сувенирные;88852412;gamesqтреуголник;45135070;треугольник;0;2,01141E+12;1275;;;
